PERFIL,CLAS,LONG,LAT,ALT,RL,CIT
1,Plintossolo Pétrico Concrecionário câmbico,"-50,347767","-6,399771",714,Plano,"RIBEIRO, Acauã. 2009"
2,Plintossolo Pétrico Concrecionário latossólico,"-50,348038","-6,399934",768,Suave Ondulado,"RIBEIRO, Acauã. 2009"
3,Plintossolo Pétrico Litoplíntico típico,"-50,344626","-6,4023",731,Plano,"RIBEIRO, Acauã. 2009"
4,Plintossolo Pétrico Concrecionário Perférrico léptico,"-50,359","-6,409",880,Montanhoso,"RIBEIRO, Acauã. 2009"
5,Organossolo Háplico Sáprico típico,"-50,374","-6,401",713,Plano,"RIBEIRO, Acauã. 2009"
6,Plintossolo Pétrico Litoplíntico típico,"-50,347","-6,399",770,Plano,"RIBEIRO, Acauã. 2009"
7,Plintossolo Pétrico Litoplíntico típico,"-50,34","-6,412",810,Pano,"RIBEIRO, Acauã. 2009"
8,Cambissolo Húmico Tb distrófico léptico,"-50,319","-6,408",736,Plano,"RIBEIRO, Acauã. 2009"
9,Organossolo Háplico Hêmico típico,"-50,319","-6,409",736,Plano,"RIBEIRO, Acauã. 2009"
10,Plintossolo Pétrico Litoplintico hístico,"-50,319","-6,408",720,Suave ondulado,"RIBEIRO, Acauã. 2009"
11,Plintossolo Pétrico Litoplíntico típico,"-50,311","-6,403",721,Plano,"RIBEIRO, Acauã. 2009"
12,Latossolo Vermelho Acriférrico petroplintico,"-50,348038","-6,399934",694,Plano,"RIBEIRO, Acauã. 2009"
13,Plintossolo Pétrico Litoplíntico hístico,"-50,409","-6,344",609,Ondulado,"RIBEIRO, Acauã. 2009"
14,Cambissolo Háplico Tb Distrófico latossólico A moderado,"-40,692","-20,452",605,,"ALKIMIM, Akenya Freire de.  2009"
15,Neossolo Quartzarênico Órtico Distrófico A moderado,"-40,693","-20,453",609,,"ALKIMIM, Akenya Freire de.  2009"
16,Latossolo Vermelho-Amarelo Distrófico típico A moderado,"-40,704","-20,549",391,,"ALKIMIM, Akenya Freire de.  2009"
17,Cambissolo Háplico Tb Distrófico típico A moderado,"-40,686","-20,549",376,,"ALKIMIM, Akenya Freire de.  2009"
18,Latossolo Amarelo Distrocoeso típico A moderado,"-40,678","-20,806",47,,"ALKIMIM, Akenya Freire de.  2009"
19,Neossolo Flúvico Tb Distrófico típico A moderado,"-40,745","-20,635",12,,"ALKIMIM, Akenya Freire de.  2009"
20,Argissolo Vermelho-Amarelo Tb Distrófico típico A moderado,"-40,8","-20,593",340,,"ALKIMIM, Akenya Freire de.  2009"
21,Neossolo Litólico Eutrófico típico A moderado,"-40,657","-20,807",13,,"ALKIMIM, Akenya Freire de.  2009"
22,Gleissolo Háplico Tb Distrófico típico,"-40,844","-20,604",497,,"ALKIMIM, Akenya Freire de.  2009"
23,Espodossolos Ferrihumilúvico Hidromórfico dúrico.,"-39,74138889","-17,70361111",80,Plano,"OLIVEIRA, Aline Pacobahyba de. 2007"
24,Espodossolo Ferrihumilúvico Hidromórfico dúrico,"-39,60916667","-17,5575",106,Plano,"OLIVEIRA, Aline Pacobahyba de. 2007"
25,Espodossolo Ferrihumilúvico Hidromórfico dúrico,"-39,50833333","-17,50111111",80,Plano,"OLIVEIRA, Aline Pacobahyba de. 2007"
26,Espodossolo Humilúvico Órtico típico,"-40,055","-17,837",167,Plano,"OLIVEIRA, Aline Pacobahyba de. 2007"
27,Espodossolo Humilúvico Órtico Argilúvico,"-39,46027778","-17,575",180,Plano,"OLIVEIRA, Aline Pacobahyba de. 2007"
28,Espodossolo Ferrilúvico Órtico arênico,"-39,49444444","-17,99472222",14,Plano,"OLIVEIRA, Aline Pacobahyba de. 2007"
29,Espodossolo Ferrihumilúvico Hidromórfico dúrico.,"-39,5525","-17,94333333",34,Plano,"OLIVEIRA, Aline Pacobahyba de. 2007"
30,Latossolo Vermelho-Amarelo Distrófico típico,"-41,59879","-20,756527",742,Forte ondulado,"PACHECO, Anderson Almeida. 2011"
31,Latossolo Amarelo Distrófico típico,"-41,598612","-20,754104",662,Ondulado,"PACHECO, Anderson Almeida. 2011"
32,Pseudogleissolo (Sem Definição no SIBCS 2006),"-41,598289","-20,75351",656,Suave ondulado,"PACHECO, Anderson Almeida. 2011"
33,Gleissolo Háplico Tb Distrófico típico,"-41,598147","-20,753385",649,Suave ondulado,"PACHECO, Anderson Almeida. 2011"
34,Latossolo Amarelo Distrófico típico,"-41,521433","-20,811007",775,Forte ondulado,"PACHECO, Anderson Almeida. 2011"
35,Cambissolo Háplico Tb Distrófico típico A moderado,"-41,519083","-20,808376",708,Forte ondulado,"PACHECO, Anderson Almeida. 2011"
36,Latossolo Amarelo Distrófico típico,"-41,592594","-20,801715",713,Forte ondulado,"PACHECO, Anderson Almeida. 2011"
37,"Pseudogleissolo (Sem definição no SiBCS, 2006)","-41,592727","-20,813517",635,Suave ondulado,"PACHECO, Anderson Almeida. 2011"
38,Gleissolo Háplico Tb Distrófico típico,"-41,593457","-20,812526",625,Suave ondulado,"PACHECO, Anderson Almeida. 2011"
39,Cambissolo Háplico Tb Distrófico típico,"-41,609097","-20,840958",1498,Forte ondulado,"PACHECO, Anderson Almeida. 2011"
40,Cambissolo Háplico Tb Distrófico típico ,"-41,614261","-20,841977",1251,Forte ondulado,"PACHECO, Anderson Almeida. 2011"
41,Cambissolo Húmico Distrófico,"-41,595916","-20,856009",788,Ondulado ,"PACHECO, Anderson Almeida. 2011"
42,Argissolo Vermelho Eutroférrico,"-41,556282","-20,786113",383,Forte ondulado,"PACHECO, Anderson Almeida. 2011"
43,Neossolo Flúvico Ta Eutrófico,"-41,488442","-20,75558",115,Plano,"PACHECO, Anderson Almeida. 2011"
44,Neossolo Litólico Eutrófico típico,"-40,92926944","-10,20844167",673,Montanhoso,"CARLINI, Belquior Scalzer. 2013 "
45,Cambissolo Háplico Tb Distrófico latossólico,"-40,88237222","-10,18636111",727,Plano ,"CARLINI, Belquior Scalzer. 2013 "
46,Latossolo Vermelho-Amarelo Distrófico típico,"-41,06393611","-10,13321111",880,Plano,"CARLINI, Belquior Scalzer. 2013 "
47,Neossolo Litólico Distrófico típico,"-41,07248889","-10,14138611",886,Forte ondulado,"CARLINI, Belquior Scalzer. 2013 "
48,Neossolo Quartzarênico Hidromórfico típico,"-40,8881","-10,18732222",556,Plano ,"CARLINI, Belquior Scalzer. 2013 "
49,Latossolo Vermelho-Amarelo Distrófico típico,"-40,85703056","-10,19676944",548,Plano,"CARLINI, Belquior Scalzer. 2013 "
50,Cambissolo Háplico Tb Eutrófico latossólico,"-40,87273333","-10,1046",624,Plano,"CARLINI, Belquior Scalzer. 2013 "
51,Cambissolo Háplico Tb Eutrófico léptico,"-40,92293333","-10,10305556",669,Plano,"CARLINI, Belquior Scalzer. 2013 "
52,Cambissolo Háplico Carbonático saprolítico,"-40,71425556","-10,03038056",495,Ondulado,"CARLINI, Belquior Scalzer. 2013 "
53,Cambissolo Háplico Tb Eutrófico latossólico,"-40,73981944","-10,09126667",523,Plano ,"CARLINI, Belquior Scalzer. 2013 "
54,Neossolo Quartzarênico Órtico latossólico,"-40,81642222","-10,02153611",523,Plano ,"CARLINI, Belquior Scalzer. 2013 "
55,CAMBISSOLO HÁPLICO Tb Distrófico,"-41,610403","-16,587268",296,Forte ondulado,"SIMÕES, Diana Ferreira de Freitas. 2008"
56,Cambissolo Háplico Ta Eutrófico,"-41,609625","-16,581241",231,Suave ondulado,"SIMÕES, Diana Ferreira de Freitas. 2008"
57,Neossolo Flúvico Tb Eutrófico,"-41,60632","-16,574074",225,Suave ondulado,"SIMÕES, Diana Ferreira de Freitas. 2008"
58,Neossolo Flúvico Ta Eutrófico,"-41,60632","-16,574213",235,Suave ondulado,"SIMÕES, Diana Ferreira de Freitas. 2008"
59,Cambissolo Háplico Tb Eutrófico,"-41,566625","-16,591046",263,Ondulado,"SIMÕES, Diana Ferreira de Freitas. 2008"
60,Neossolo Flúvico Tb Eutrófico gleissólico,"-41,563708","-16,591713",238,Plano,"SIMÕES, Diana Ferreira de Freitas. 2008"
61,CAMBISSOLO HÁPLICO Tb Distrófico típico ,"-41,502569","-16,65213",315,Ondulado,"SIMÕES, Diana Ferreira de Freitas. 2008"
62,Planossolo Háplico Eutrófico típico,"-41,607264","-16,574352",184,Suave ondulado e plano,"SIMÕES, Diana Ferreira de Freitas. 2008"
63,Planossolo Háplico Eutrófico típico,"-41,607292","-16,574629",184,Suave ondulado e plano,"SIMÕES, Diana Ferreira de Freitas. 2008"
64,Gleissolo Háplico Tb Eutrófico solódico,"-41,675543","-16,581463",189,Plano,"SIMÕES, Diana Ferreira de Freitas. 2008"
65,Argissolo Amarelo distrófico plíntico,"-68,56472222","-9,27138889",,Plano,"ARAÚJO, Edson Alves de. 2000"
66,Argissolo Vermelho-Amarelo distrófico plíntico,"-68,33861111","-10,67888889",215,Ondulado,"ABUD, Éllen Albuquerque. 2011"
67,Argissolo Vermelho distrófico abrúptico plíntico,"-68,10333333","-10,65361111",200,Suave ondulado.,"ABUD, Éllen Albuquerque. 2011"
68,Argissolo Vermelho distrófico abrúptico plíntico,"-68,67027778","-10,48972222",255,Ondulado a forte ondulado,"ABUD, Éllen Albuquerque. 2011"
69,Argissolo Vermelho eutrófico abrúptico plíntico,"-68,54611111","-10,59083333",210,Ondulado.,"ABUD, Éllen Albuquerque. 2011"
70,Latossolo Vermelho distrófico típico,"-68,45361111","-10,79277778",260,Plano,"ABUD, Éllen Albuquerque. 2011"
71,Argissolo Vermelho eutrófico típico.,"-69,36777778","-10,83833333",329,Plano,"ABUD, Éllen Albuquerque. 2011"
72,Argissolo Vermelho-Amarelo alítico abrúptico,"-69,57833333","-10,86027778",260,Ondulado,"ABUD, Éllen Albuquerque. 2011"
73,Argissolo Vermelho-Amarelo distrófico abrúptico.,"-68,37805556","-10,78611111",220,Ondulado ,"ABUD, Éllen Albuquerque. 2011"
74,Plintossolo Argilúvico alítico típico ,"-68,486748","-10,657111",168,Plano a Suave ondulado,"ABUD, Éllen Albuquerque. 2011"
75,Gleissolo Háplico alítico típico,"-68,486767","-10,656831",175,Plano,"ABUD, Éllen Albuquerque. 2011"
76,Argissolo Vermelho aluminico plíntico,"-68,120495","-10,680713",219,Suave ondulado  a ondulado,"ABUD, Éllen Albuquerque. 2011"
77,Argissolo Vermelho distrófico plíntico,"-68,607945","-10,567524",250,Ondulado,"ABUD, Éllen Albuquerque. 2011"
78,Argissolo Vermelho-Amarelo alítico plíntico,"-68,694131","-10,484829",262,Suave ondulado,"ABUD, Éllen Albuquerque. 2011"
79,Argissolo Vermelho distrófico típico,"-68,655632","-10,492903",265,Suave ondulado,"ABUD, Éllen Albuquerque. 2011"
80,Argissolo Amarelo alítico plíntico,"-68,633714","-10,496306",228,Plano,"ABUD, Éllen Albuquerque. 2011"
81,Latossolo Vermelho-Amarelo distrófico petroplíntico,"-68,571602","-10,51523",257,Plano,"ABUD, Éllen Albuquerque. 2011"
82,Argissolo Vermelho-Amarelo alítico plíntico,"-68,56007","-10,623181",227,Suave ondulado  a ondulado,"ABUD, Éllen Albuquerque. 2011"
83,Argissolo Amarelo distrófico plíntico,"-68,51117","-10,639813",175,Plano,"ABUD, Éllen Albuquerque. 2011"
84,Plintossolo Argilúvico distrófico típico,"-68,486447","-10,667638",177,Plano,"ABUD, Éllen Albuquerque. 2011"
85,Latossolo Vermelho distrófico típico,"-68,392053","-10,849816",270,Plano a suave Ondulado,"ABUD, Éllen Albuquerque. 2011"
86,Argissolo Vermelho distrófico plíntico,"-68,363461","-10,868062",273,Suave ondulado,"ABUD, Éllen Albuquerque. 2011"
87,Argissolo Vermelho-Amarelo alítico típico,"-68,350968","-10,300798",,Plano,"ABUD, Éllen Albuquerque. 2011"
88,Argissolo Vermelho distrófico latossólico,"-68,970971","-10,4308",,Suave ondulado,"ABUD, Éllen Albuquerque. 2011"
89,Argissolo Vermelho-Amarelo distrófico típico,"-68,320971","-10,680806",,Plano,"ABUD, Éllen Albuquerque. 2011"
90,Argissolo Vermelho-Amarelo distrófico abrúptico.,"-68,160962","-10,690808",,Plano,"ABUD, Éllen Albuquerque. 2011"
91,Argissolo Vermelho-Amarelo eutrófico abrúptico,"-68,11097","-10,6608",,Suave ondulado,"ABUD, Éllen Albuquerque. 2011"
92,Argissolo Vermelho-Amarelo alumínico típico,"-68,360963","-10,970809",,Plano,"ABUD, Éllen Albuquerque. 2011"
93,Argissolo Vermelho-Amarelo distrófico típico,"-68,210962","-10,710807",,Plano,"ABUD, Éllen Albuquerque. 2011"
94,Argissolo Vermelho-Amarelo distrófico abrúptico,"-68,360963","-10,970809",,Plano,"ABUD, Éllen Albuquerque. 2011"
95,Neossolo Quartzarênico ,"-44,781758","-15,35094",,,"OLIVEIRA, Fábio Magalhães. 2013"
96,Neossolo Quartzarênico,"-44,854446","-15,450618",,,"OLIVEIRA, Fábio Magalhães. 2013"
97,Neossolo Quartzarênico,"-44,857538","-15,460044",,,"OLIVEIRA, Fábio Magalhães. 2013"
98,Latossolo Vermelho-Amarelo,"-44,820178","-15,448378",,,"OLIVEIRA, Fábio Magalhães. 2013"
99,Neossolo Litólico ,"-44,819327","-15,447956",,,"OLIVEIRA, Fábio Magalhães. 2013"
100,Neossolo Regolítico Eutrófico léptico-sódico ,"-32,425863","-3,848982",10,Plano,"OLIVEIRA, Fábio Soares de. 2008 "
101,Cambissolo Háplico Sódico típico  ,"-32,425854","-3,848973",25,Suave ,"OLIVEIRA, Fábio Soares de. 2008 "
102,Cambissolo Háplico Ta Eutrófico solódico,"-32,388701","-3,812626",38,- ,"OLIVEIRA, Fábio Soares de. 2008 "
103,Cambissolo Háplico Ta Distrófico típico ,"-32,387972","-3,811793",47,- ,"OLIVEIRA, Fábio Soares de. 2008 "
104,Latossolo Amarelo distrófico argissólico,"-43,136393","-15,34471",509,Plano,"MATUK, Fernanda Ayaviri. 2012"
105,Plintossolo Argilúvico Eutrófico abrúptico,"-43,132286","-15,350026",484,Suave Ondulado,"MATUK, Fernanda Ayaviri. 2012"
106,Neossolo Regolítico Eutrófico,"-43,158222","-15,357498",472,Plano/Suave Ondulado,"MATUK, Fernanda Ayaviri. 2012"
107, Neossolo Quartzarênico Órtico típico,"-43,156867","-15,354803",472,Plano,"MATUK, Fernanda Ayaviri. 2012"
108,Planossolo Háplico Eutrófico solódico,"-43,157496","-15,357356",470,Plano/Suave Ondulado,"MATUK, Fernanda Ayaviri. 2012"
109,Plintossolo Háplico Eutrófico típico,"-43,161386","-15,356684",472,Plano-Suave Ondulado,"MATUK, Fernanda Ayaviri. 2012"
110,Latossolo Amarelo Ácrico Típico,"-46,133768","-19,211317",1133,Tabular,"COSTA, Fernanda Oliveira. 2008"
111,Plintossolo Pétrico Concrecionário Distrófico Típico,"-46,112065","-19,210429",1047,ondulado,"COSTA, Fernanda Oliveira. 2008"
112,Argissolo Vermelho Amarelo Distrófico Típico,"-46,105749","-19,204602",1046,Suave ondulado,"COSTA, Fernanda Oliveira. 2008"
113,Neossolo Flúvico Ta Eutrófico Carbonático,"-43,76861111","-15,78",504,Plano,"MATOS, Laudiceio Viana. 2008"
114,Neossolo Flúvico Tb Eutrófico Típico,"-43,85805556","-15,76222222",504,Plano,"MATOS, Laudiceio Viana. 2008"
115,Cambissolo Háplico Tb Eutrófico Típico,"-43,8575","-15,76166667",552,Plano,"MATOS, Laudiceio Viana. 2008"
116,Latossolo Vermelho Eutrófico Típico,"-43,85694444","-15,76",514,Plano a suave ondulado,"MATOS, Laudiceio Viana. 2008"
117,Cambissolo Háplico Tb Eutrófico Típico,"-43,85138889","-15,79166667",545,Suave ondulado ,"MATOS, Laudiceio Viana. 2008"
118,"Neossolo Litólico Eutrófico Típico,","-43,85083333","-15,79166667",544,Plano,"MATOS, Laudiceio Viana. 2008"
119,"Afloramento De Rocha Calcária,","-43,84305556","-15,79305556",542,Plano,"MATOS, Laudiceio Viana. 2008"
120,Latossolo Vermelho Distrófico Típico,"-43,90888889","-15,73027778",640,Plano a suave ondulado,"MATOS, Laudiceio Viana. 2008"
121,"Latossolo Vermelho Eutrófico Típico,","-43,88861111","-15,74472222",589,Suave ondulado,"MATOS, Laudiceio Viana. 2008"
122,Latossolo Vermelho-Amarelo,"-43,81555556","-15,79027778",535,Plano,"MATOS, Laudiceio Viana. 2008"
123,"Argissolo Vermelho Eutrófico Típico,","-43,80361111","-15,79194444",530,Plano,"MATOS, Laudiceio Viana. 2008"
124,Latossolo Vermelho Distrófico Típico,"-43,7775","-15,78805556",532,Plano,"MATOS, Laudiceio Viana. 2008"
125,Neossolo Flúvico Ta Eutrófico,"-43,76888889","-15,78083333",505,Plano,"MATOS, Laudiceio Viana. 2008"
126,Gleissolo Háplico Ta Eutrófico Neoflúvissólico,"-43,85888889","-15,75916667",491,Plano,"MATOS, Laudiceio Viana. 2008"
127,Latossolo Vermelho Eutrófico Típico,"-43,85222222","-15,75972222",569,Suave ondulado,"MATOS, Laudiceio Viana. 2008"
128,Latossolo Vermelho Distrófico Típico,"-43,81138889","-15,77583333",547,Plano,"MATOS, Laudiceio Viana. 2008"
129,Chernossolo Háplico Órtico Típico,"-43,76055556","-15,78111111",515,Plano,"MATOS, Laudiceio Viana. 2008"
130,Latossolo Vermelho Distrófico Típico,"-43,77416667","-15,76111111",538,Plano,"MATOS, Laudiceio Viana. 2008"
131,Latossolo Vermelho-Amarelo Distrófico Típico,"-43,79472222","-15,74361111",552,Plano a suave ondulado,"MATOS, Laudiceio Viana. 2008"
132,Gleissolo Háplico Tb Eutrófico Típico,"-43,80444444","-15,7375",531,Plano,"MATOS, Laudiceio Viana. 2008"
133,Latossolo Vermelho Eutrófico Típico,"-43,80194444","-15,72583333",533,Suave ondulado,"MATOS, Laudiceio Viana. 2008"
134,Plintossolo Pétrico Litoplíntico Típico,"-25,62762","-20,188214",,,"FERRARI, Lucas Teixeira. 2013"
135,Plintossolo Pétrico Concrecionário Latossólico,"-25,627628","-20,188386",,,"FERRARI, Lucas Teixeira. 2013"
136,Neossolo Litólico Distrófico Típico,"-25,659343","-20,149908",1520,montanhoso,"FERRARI, Lucas Teixeira. 2013"
137,Neossolo Litólico Distrófico Fragmentário,"-25,659015","-20,150267",1511,ondulado,"FERRARI, Lucas Teixeira. 2013"
138,Cambissolo Háplico Tb Distrófico Típico,"-25,665595","-20,166236",1141,forte ondulado,"FERRARI, Lucas Teixeira. 2013"
139,Cambissolo Háplico Tb Distrófico Latossólico,"-25,658799","-20,156581",1277,montanhoso,"FERRARI, Lucas Teixeira. 2013"
140,Cambissolo Háplico Distrófico Típico,"-25,657542","-20,155839",1326,montanhoso,"FERRARI, Lucas Teixeira. 2013"
141,Cambissolo Háplico Tb Distrófico Típico,"-25,661812","-20,149846",1407,montanhoso,"FERRARI, Lucas Teixeira. 2013"
142,Neossolo Litólico Distrófico Típico,"-25,667896","-20,154463",1405,montanhoso a escarpado,"FERRARI, Lucas Teixeira. 2013"
143,Neossolo Litólico Distrófico Típico,"-25,666206","-20,156248",1371,suave ondulado,"FERRARI, Lucas Teixeira. 2013"
144,Neossolo Flúvico Tb Distrófico Típico,"-25,665822","-20,165443",1112,plano,"FERRARI, Lucas Teixeira. 2013"
145,Neossolo Litólico Distrófico Típico,"-25,669165","-20,168359",1112,montanhoso,"FERRARI, Lucas Teixeira. 2013"
146,Cambissolo Háplico Ta Distrófico léptico ,"-29,322201","-20,516884",435,,"SÁ, Mariana Médice Firme. 2010 "
147,Cambissolo Háplico Ta eutrófico léptico ,"-29,324138","-20,51693",430,,"SÁ, Mariana Médice Firme. 2010 "
148,Neossolo Regolítico Eutrófico léptico,"-29,322201","-20,516884",5,,"SÁ, Mariana Médice Firme. 2010 "
149,Neossolo Regolítico Eutrófico típico ,"-29,315437","-20,518365",75,,"SÁ, Mariana Médice Firme. 2010 "
150,Cambissolo Háplico Ta Eutrófico típico,"-29,315264","-20,514511",190,,"SÁ, Mariana Médice Firme. 2010 "
151,Neossolo Regolítico Eutrófico bioclasto,"-29,30682","-20,518435",15,,"SÁ, Mariana Médice Firme. 2010 "
152,Cambissolo Háplico Ta Eutrófico típico,"-29,301317","-20,518969",53,,"SÁ, Mariana Médice Firme. 2010 "
153,Neossolo Litólico Eutrófico típico ,"-29,34169","-20,498119",5,,"SÁ, Mariana Médice Firme. 2010 "
154,Neossolo Regolítico Distrófico léptico ornitogênico ,"-29,324876","-20,499121",50,,"SÁ, Mariana Médice Firme. 2010 "
155,Neossolo Litólico Eutrófico típico ornitogênico ,"-29,317666","-20,506596",40,,"SÁ, Mariana Médice Firme. 2010 "
156,Organossolo Háplico Fíbrico típico ornitogênico,"-29,306767","-20,519357",130,,"SÁ, Mariana Médice Firme. 2010 "
157,Neossolo Litólico Eutrófico fragmentário ,"-29,316288","-20,509919",87,,"SÁ, Mariana Médice Firme. 2010 "
158,Neossolo Litólico Distrófico típico ornitogênico ,"-29,334017","-20,514188",75,,"SÁ, Mariana Médice Firme. 2010 "
159,Neossolo Litólico Eutrófico típico ornitogênico ,"-29,329884","-20,51912",109,,"SÁ, Mariana Médice Firme. 2010 "
160,Neossolo Litólico Distrófico típico ornitogênico ,"-29,332156","-20,495727",80,,"SÁ, Mariana Médice Firme. 2010 "
161,"Cambissolo Háplico Ta Distrófico léptico, ","-29,326223","-20,514726",425,,"SÁ, Mariana Médice Firme. 2010 "
162,Cambissolo Háplico Alítico típico ornitogênico ,"-29,335997","-20,500615",420,,"SÁ, Mariana Médice Firme. 2010 "
163,Cambissolo Háplico Ta Distrófico léptico ,"-29,32504","-20,511915",580,,"SÁ, Mariana Médice Firme. 2010 "
164,Cambissolo Háplico Ta Distrófico léptico ,"-29,328787","-20,508036",550,,"SÁ, Mariana Médice Firme. 2010 "
165,Organossolo Fólico Fíbrico típico ,"-29,327501","-20,511133",400,,"SÁ, Mariana Médice Firme. 2010 "
166,Cambissolo Háplico Tb distrófico latossólico  ,"-43,686002","-20,498395",1355,Suave ondulado,"PEREIRA, Saulo Henrique de Faria. 2009 "
167,Cambissolo Háplico Tb distróficos petroplíntico,"-43,681081","-20,489612",1568,Forte ondulado,"PEREIRA, Saulo Henrique de Faria. 2009 "
168,Cambissolo Háplico Tb distrófico latossólico,"-43,688242","-20,502125",1256,Montanhoso,"PEREIRA, Saulo Henrique de Faria. 2009 "
169,"Cambissolo Húmico distrófico latossólico,","-43,708729","-20,49235",1531,Forte ondulado,"PEREIRA, Saulo Henrique de Faria. 2009 "
170,Espodossolo Humilúvico órtico típico,"-43,686689","-20,497614",1334,Ondulado,"PEREIRA, Saulo Henrique de Faria. 2009 "
171,Latossolo Vermelho-Amarelo distrófico típico,"-43,66346","-20,493914",1322,Forte ondulado,"PEREIRA, Saulo Henrique de Faria. 2009 "
172,Neossolo Litólico distróficos típico,"-43,688242","-20,502116",1256,Ondulado,"PEREIRA, Saulo Henrique de Faria. 2009 "
173,Neossolo Litólico húmico típico,"-43,692755","-20,488969",1402,Ondulado,"PEREIRA, Saulo Henrique de Faria. 2009 "
174,Neossolo Quartzarênico órtico argissólico,"-43,661135","-20,497753",1331,Suave ondulado,"PEREIRA, Saulo Henrique de Faria. 2009 "
175,Latossolo Amarelo Tb Distrófico típico,"-42,407871","-19,320071",235,Ondulado,"SARCINELLI, Tathiane Santi. 2006"
176,Cambissolo Flúvico Tb Distrófico Típico,"-42,428929","-19,331675",215,Ondulado,"SARCINELLI, Tathiane Santi. 2006"
177,Cambissolo Flúvico Tb Eutrófico típico,"-42,447613","-19,32493",220,Suave ondulado,"SARCINELLI, Tathiane Santi. 2006"
178,Cambissolo Flúvico Tb Distrófico Típico,"-43,319394","-19,928879",725,Plano,"SARCINELLI, Tathiane Santi. 2006"
179,Cambissolo Háplico Tb Distrófico típico,"-43,309301","-19,912405",825,Ondulado,"SARCINELLI, Tathiane Santi. 2006"
180,Cambissolo Háplico Tb Distrófico típico,"-43,314183","-19,911385",925,Forte ondulado,"SARCINELLI, Tathiane Santi. 2006"
181,Cambissolo Háplico Tb Distrófico típico,"-42,979663","-18,629793","812,5",Ondulado/forte ondulado,"SARCINELLI, Tathiane Santi. 2006"
182,Cambissolo Flúvico Tb Distrófico Típico,"-42,830618","-19,453967","892,5",Ondulado,"SARCINELLI, Tathiane Santi. 2006"
183,Neossolo Flúvico Tb Eutrófico gleissólico,"-41,302409","-20,91372",211,Plano,"CUNHA, Alexson de Mello. 2013"
184,Gleissolo Háplico Tb Distrófico,"-40,931673","-21,002791",6,Plano,"CUNHA, Alexson de Mello. 2013"
185,Latossolo Vermelho-Amarelo distrófico,"-41,413274","-20,946122",,,"CUNHA, Alexson de Mello. 2013"
186,Argissolo Vermelho-Amarelo Eutrófico,"-41,41129","-20,946439",,,"CUNHA, Alexson de Mello. 2013"
187,Latossolo Vermelho-Amarelo distrófico,"-41,147634","-20,932634",,,"CUNHA, Alexson de Mello. 2013"
188,Latossolo Vermelho Acriférrico típico,"-43,667092","-20,403113",1257,,"LIMA, Carlos Eduardo Pacheco. 2010"
189,Latossolo Vermelho-Amarelo Distrófico húmico ,"-42,487195","-20,405894",1363,,"LIMA, Carlos Eduardo Pacheco. 2010"
190,Latossolo Amarelo Ácrico típico,"-46,133662","-19,211465",1127,,"LIMA, Carlos Eduardo Pacheco. 2010"
191,Argissolo Vermelho-Amarelo Distrófico típico,"-42,979057","-19,207416",460,,"LIMA, Carlos Eduardo Pacheco. 2010"
192,Nitossolo Vermelho Eutrófico típico,"-44,034787","-19,432164",681,,"LIMA, Carlos Eduardo Pacheco. 2010"
193,Cambissolo Háplico Tb Eutrófico típico ,"-42,79125","-19,202055",381,,"LIMA, Carlos Eduardo Pacheco. 2010"
194,Cambissolo Háplico Tb Distrófico típico,"-43,93012","-19,587637",681,,"LIMA, Carlos Eduardo Pacheco. 2010"
195,LVAd (típico),"-42,557431","-20,670408",,,"CARVALHO, Fiorini de Carvalho. 2011"
196,LVAd (típico),"-42,516688","-20,705015",,,"CARVALHO, Fiorini de Carvalho. 2011"
197,LVd (típico),"-42,517209","-20,70323",,,"CARVALHO, Fiorini de Carvalho. 2011"
198,LVAd (húmico),"-42,53062","-20,700042",,,"CARVALHO, Fiorini de Carvalho. 2011"
199,LVd (cambissólico),"-42,529359","-20,699809",,,"CARVALHO, Fiorini de Carvalho. 2011"
200,CXbd (latossólico),"-42,530031","-20,700134",,,"CARVALHO, Fiorini de Carvalho. 2011"
201,LVd (típico),"-42,563075","-20,649363",,,"CARVALHO, Fiorini de Carvalho. 2011"
202,LVAd (típico),"-42,559004","-20,628307",,,"CARVALHO, Fiorini de Carvalho. 2011"
203,LVAw (típico),"-42,556736","-20,643088",,,"CARVALHO, Fiorini de Carvalho. 2011"
204,LVw (típico),"-42,278893","-20,607478",,,"CARVALHO, Fiorini de Carvalho. 2011"
205,CXbd (latossólico) ,"-42,557431","-20,670408",,,"CARVALHO, Fiorini de Carvalho. 2011"
206,CXbd (típico),"-42,556539","-20,663386",,,"CARVALHO, Fiorini de Carvalho. 2011"
207,GXbd (típico),"-42,558765","-20,677601",,,"CARVALHO, Fiorini de Carvalho. 2011"
208,Cambissolo Háplico Tb Distrófico Léptico,"-43,534895","-19,452971",1315,,"VALENTE, Elton Luiz. 2009"
209,Cambissolo Húmico Distrófico Léptico,"-43,517738","-19,258915",1262,,"VALENTE, Elton Luiz. 2009"
210,"Latossolo Vermelho-Amarelo, distrófico ","-45,000652","-18,202408",,,"RODRIGUES, Fernando Antonio Vieira. 2013"
221,LUVISSOLO CRÔMICO Órtico típico A moderado,"-37,124769","-7,688946",644,Plano,"OLIVEIRA, Lindomário Barros de Oliveira.2007 "
222,LUVISSOLO CRÔMICO Órtico solódico A moderado,"-37,124331","-7,689568",640,Suave ondulado,"OLIVEIRA, Lindomário Barros de Oliveira. 2007"
223,LUVISSOLO CRÔMICO Órtico lítico A moderado textura,"-37,123706","-7,726416",638,Plano,"OLIVEIRA, Lindomário Barros de Oliveira. 2007"
224,LUVISSOLO CRÔMICO Órtico vertissólico A fraco,"-36,657306","-7,530763",558,Plano,"OLIVEIRA, Lindomário Barros de Oliveira. 2007 "
225,LUVISSOLO CRÔMICO Órtico vertissólico solódico A,"-36,655875","-7,530882",553,Plano,"OLIVEIRA, Lindomário Barros de Oliveira. 2007 "
226,LUVISSOLO CRÔMICO Órtico vertissólico sódico A,"-36,655286","-7,530825",,Plano,"OLIVEIRA, Lindomário Barros de Oliveira. 2007 "
227,LUVISSOLO CRÔMICO Órtico lítico A moderado textura,"-38,199073","-8,019084",465,Suave ondulado,"OLIVEIRA, Lindomário Barros de Oliveira. 2007 "
228,LUVISSOLO CRÔMICO Órtico típíco A moderado,"-38,198395","-8,017707",458,Suave ondulado,"OLIVEIRA, Lindomário Barros de Oliveira. 2007 "
229,PLANOSSOLO HAPLICO Eutrófico típico A moderado,"-38,198034","-8,016929",452,Suave ondulado,"OLIVEIRA, Lindomário Barros de Oliveira. 2007 "
230,LUVISSOLO CRÔMICO Órtico típico A fraco textura,"-38,199073","-8,019084",511,Plano,"OLIVEIRA, Lindomário Barros de Oliveira. 2007 "
231,LUVISSOLO CRÔMICO Órtico típico A moderado,"-38,72163","-8,030116",502,Plano,"OLIVEIRA, Lindomário Barros de Oliveira. 2007 "
232,Planossolo Háplico eutrófico solódico A moderado,"-38,72162","-8,031002",500,Plano.,"OLIVEIRA, Lindomário Barros de Oliveira. 2007 "
233,Cambissolo Háplico Ta eutrófico léptico ,"-41,824303","-11,409656",820,Suave Ondulado,"Paiva,Arlicélio de Queiroz. 2010"
234,Cambissolo Háplico Tb eutrófico latossólico,"-41,824285","-11,409674",780,Suave Ondulado,"Paiva,Arlicélio de Queiroz. 2010"
235,Cambissolo Háplico Ta eutrófico léptico ,"-41,839952","-11,382946",770,Plano,"Paiva,Arlicélio de Queiroz. 2010"
236,Latossolo Vermelho-Amarelo eutrófico câmbico ,"-41,871975","-11,41464",740,Plano,"Paiva,Arlicélio de Queiroz. 2010"
237,Cambissolo Háplico Tb eutrófico latossólico,"-41,859918","-11,417612",740,Suave Ondulado,"Paiva,Arlicélio de Queiroz. 2010"
238,Cambissolo Háplico Tb eutrófico latossólico ,"-41,859827","-11,417649",740,Suave ondulado,"Paiva,Arlicélio de Queiroz. 2010"
239,Cambissolo Háplico Ta eutrófico latossólico,"-41,860416","-11,417878",740,Plano,"Paiva,Arlicélio de Queiroz. 2010"
240,Cambissolo Háplico Ta eutrófico léptico,"-41,9403","-11,414947",710,Plano,"Paiva,Arlicélio de Queiroz. 2010"
241,Cambissolo Háplico Ta eutrófico vertissólico,"-42,02104","-11,422354",645,Plano,"Paiva,Arlicélio de Queiroz. 2010"
242,Cambissolo Háplico Ta eutrófico léptico,"-41,947135","-11,422578",646,Ondulado,"Paiva,Arlicélio de Queiroz. 2010"
243,Latossolo Vermelho-Amarelo eutrófico cambissólico,"-41,72805","-11,416629",820,Plano,"Paiva,Arlicélio de Queiroz. 2010"
244,Cambissolo Háplico Ta eutrófico léptico,"-41,790307","-11,523617",793,Suave ondulado,"Paiva,Arlicélio de Queiroz. 2010"
245,Latossolo Amarelo eutrófico cambissólico,"-41,785837","-11,541294",790,Plano,"Paiva,Arlicélio de Queiroz. 2010"
246,Cambissolo Háplico Ta eutrófico vértico,"-41,7715","-11,588787",769,Suave ondulado,"Paiva,Arlicélio de Queiroz. 2010"
247,ARGISSOLO VERMELHO ALÍTICO Abrúptico,"-68,854091","-9,064839",230,Ondulado,"BARDALES, Nilson Gomes. 2009"
248,ARGISSOLO VERMELHO-AMARELO ALÍTICO Plíntico,"-68,828536","-9,03345",190,Ondulado,"BARDALES, Nilson Gomes. 2009"
249,VERTISSOLO HÁPLICO ÓRTICO Típico,"-68,85548","-9,008172",176,Suave ondulado,"BARDALES, Nilson Gomes. 2009"
250,VERTISSOLO HÁPLICO ÓRTICO Típico,"-68,758813","-9,049283",158,Suave ondulado,"BARDALES, Nilson Gomes. 2009"
251,NEOSSOLO FLÚVICO Ta EUTRÓFICO Típico,"-68,769369","-9,06345",120,Plano,"BARDALES, Nilson Gomes. 2009"
252,NEOSSOLO FLÚVICO Ta EUTRÓFICO Gleissólico,"-68,781869","-9,059839",118,Plano,"BARDALES, Nilson Gomes. 2009"
253,ARGISSOLO VERMELHO Ta DISTRÓFICO Abrúptico,"-68,781869","-9,059839",240,Ondulado,"BARDALES, Nilson Gomes. 2009"
254,NEOSSOLO QUARTZARÊNICO Órtico típico,"-37,290231","-5,661228",80,Ondulado,"FRANCELINO, Márcio Rocha. 2001"
255,CAMBISSOLO HÁPLICO Ta Eutrófico,"-37,240055","-5,284014",60,Plano,"FRANCELINO, Márcio Rocha. 2001"
256,VERTISSOLO CROMADO Órtico típico,"-37,621054","-5,229511",40,Plano,"FRANCELINO, Márcio Rocha. 2001"
257,ARGISSOLO VERMELHO Eutrófico típico,"-37,547244","-5,220364",50,Plano,"FRANCELINO, Márcio Rocha. 2001"
258,CHERNOSSOLO RÊNDZICO Lítico típico,"-37,187961","-5,449253",60,Plano,"FRANCELINO, Márcio Rocha. 2001"
259,LATOSSOLO VERMELHO Distrófico psamítico ,"-36,881977","-5,177782",120,Plano,"FRANCELINO, Márcio Rocha. 2001"
260,Latossolo Amarelo Distrófico húmico ,"-41,854524","-20,421867",1256,Relevo Montanhoso ,"Rodrigues, Kleber Ramon. 2011"
261,Cambissolo húmico distrófico típico ,"-42,408417","-20,6977",1658,Relevo Montanhoso ,"Rodrigues, Kleber Ramon. 2011  "
262,Neossolo Regolítico Húmico Típico ,"-41,841746","-20,403534",1778,Linha de Crista ,"Rodrigues, Kleber Ramon. 2011"
263,Cambissolo húmico distrófico típico ,"-41,836746","-20,410756",1975,Relevo Montanhoso ,"Rodrigues, Kleber Ramon. 2011"
264,Organossolo Hapilitico Saprício Típico ,"-41,836746","-20,410756",2379,Relevo Abaciado ,"Rodrigues, Kleber Ramon. 2011"
265,Cambissolo Húmico Distrófico Típico ,"-41,810913","-20,420478",2632,Relevo Suave ondulado Abaciado ,"Rodrigues, Kleber Ramon. 2011"
266,Neossolo Latolítico Húmico Típico ,"-41,804801","-20,421589",2887,Relevo Suave ondulado ,"Rodrigues, Kleber Ramon. 2011"
267,NITOSSOLO VERMELHO Eutrófico típico,"-43,753285","-16,173068",596,Ondulado,"Martins, Carolina Malala.2012"
268,LATOSSOLO VERMELHO Eutrófico típico,"-43,744168","-16,205264",552,Ondulado,"Martins, Carolina Malala.2012"
269,CAMBISSOLO HÁPLICO Tb Eutrófico típico,"-43,682331","-16,151193",652,Forte ondulado,"Martins, Carolina Malala. 2012"
270,NEOSSOLO LITÓLICO Eutrófico típico,"-42,906046","-15,510712",679,Ondulado,"Martins, Carolina Malala. 2012"
271,CAMBISSOLO HÁPLICO Ta Eutrófico típico,"-42,903778","-15,511052",635,Ondulado,"Martins, Carolina Malala. 2012"
272,CAMBISSOLO HÁPLICO Ta Eutrófico típico,"-42,902097","-15,509554",608,Ondulado,"Martins, Carolina Malala. 2012"
273,CAMBISSOLO HÁPLICO Tb distrófico típico,"-42,882656","-15,460387",587,Suave ondulado/depressão,"Martins, Carolina Malala. 2012"
274,CAMBISSOLO HÁPLICO Tb Eutrófico típico,"-42,822732","-15,386377",618,Forte ondulado,"Martins, Carolina Malala. 2012"
275,CAMBISSOLO HÁPLICO Tb Eutrófico típico,"-42,914621","-14,445662",1119,Escarpado/ montanhoso,"Martins, Carolina Malala. 2012"
276,LATOSSOLO VERMELHO Eutrófico cambissólico,"-42,882447","-14,467008",906,Suave ondulado,"Martins, Carolina Malala. 2012"
277,LATOSSOLO VERMELHO Distrófico típico,"-47,7598","-15,10788",924,Plano,"LYNCH, Leila de Souza. 2009"
278,LATOSSOLO VERMELHO-AMARELO Distrófico típico,"-47,76275","-15,09435",882,Plano suave ondulado,"LYNCH, Leila de Souza. 2009"
279,LATOSSOLO VERMELHO-AMARELO Eutrófico típico,"-47,76567","-15,08653",815,Suave Ondulado,"LYNCH, Leila de Souza. 2009"
280,PLINTOSSOLO PÉTRICO Concrecionário distrófico típico,"-47,76599","-15,08094",815,Suave Ondulado,"LYNCH, Leila de Souza. 2009"
281,NITOSSOLO VERMELHO Eutrófico latossólico,"-47,77192","-15,07345",778,Plano,"LYNCH, Leila de Souza. 2009"
282,LATOSSOLO VERMELHO Eutrófico típico,"-47,77444","-15,06853",775,Suave Ondulado,"LYNCH, Leila de Souza. 2009"
283, Chernossolo Ebânico Órtico típico ,"-47,77636","-15,06373",758,Plano a suave ondulado ,"LYNCH, Leila de Souza. 2009"
